Description,ATC Code,RMS Code
Wood Frame,1,1
Light Metal,2,4B
Unreinforced Masonry Wall,3,2B
URM Wall with Frame,4,3A3
RC Shear Wall with Frame,5,3A2
RC Shear Wall without Frame,6,3A4
RM Shear Wall,7,2C1
RM Shear Wall with Frame,8,3A2
Braced Steel Frame,9,4A4
Moment Steel Frame (Perimeter),10,4A1
Ductile RC Frame (Distributed),12,3A1
Non-Ductile RC Frame (Distributed),13,3A1
Precast Concrete (Non Tilt-Up),14,3B1
Long Span,15,4A
Tilt-Up,16,3B4
Specially Engineered Facility,18,4A
Conventional Bridges (< 500 ft. spans) w/ Multiple Simple Spans,19,6
Conventional Bridges (< 500 ft. spans) w/ Monolithic Spans,20,7
Major Bridges (> 500 ft. spans),21,8
Underground Pipelines,22,9
Pipelines At Grade,23,10
Concrete Dams,24,11
Earthfill and Rockfill Dams,25,12
Alluvium Tunnels,26,13
Rock Tunnels,27,14
Cut & Cover Tunnels,28,15
Underground Liquid Storage Tanks,29,16
Underground Solid Storage Tanks,30,17
On Ground Liquid Storage Tanks,31,18
On Ground Solid Storage Tanks,32,19
Elevated Liquid Storage Tanks,33,20
Elevated Solid Storage Tanks,34,21
Railroads (Track & Bed),35,22
Highways,36,23
Runways,37,24
High Industrial Masonry Chimneys,38,25
High Industrial Concrete Chimneys,39,26
High Industrial Steel Chimneys,40,27
Cranes,41,28
Conveyor Systems,42,29
Conventional (< 100 ft.) Electrical Transmission Line Towers,43,30
Major (> 100 ft.) Electrical Transmission Line Towers,44,31
Broadcast Towers,45,32
Observation Towers,46,33
Offshore Towers,47,34
Canals,48,35
Earth Retaining Structures (> 20 ft. high),49,36
Waterfront Structures,50,37
Residential Equipment,51,38
Office Equipment,52,39
Electrical Equipment,53,40
Mechanical Equipment,54,41
High Technology/Lab Equipment,55,42
"Trains, Trucks, Airplanes",56,43
