Simon,Tracker
Status,Status
Shipped Date,Shipped_Date
E-Task,UID
Account Name,Account_Name
Underwriter,Requestor_Or_Underwriter
Product Segment,Product_Segment
CoE User Name,Modeling_Analyst
Region,txtFiller_Field_10
Entry type,Entry_type
COE Reviewer,PMO_Auditor
Working Branch,Working_Branch
No of Location,No_of_Locations
Accounts Received Date,Received_Date
Target Date SLA,Target_Date
Underwriter Requested Date,Requested_Date
Tool used,Tool_Used
Data Quality,Data_Quality
Data Complexity,Data_Complexity
Data Priority,Data_Priority
Original Query Sent Date & Time (mm/dd/yyyy),Query_Sent_Date_1
Latest Query Sent Date,Query_Sent_Date_2
QA Comments,Audit_Comments
GES PP ID_PO No,Comments
Inception Date,Inception_Date
Expiry Date,Expiration_Date
CoE Comments,Additional_Comments
Triage_Sent,Triage_Indicator
Sent_for_Triage,Triage_Sent_Date
Received_from_Triage,Triage_Received_Date
Task_Type,Task_Type
